curve,T_C,I_A,value
v_on,25,0.0,0.6200
v_on,25,74.5,0.6979
v_on,25,149.1,0.7752
v_on,25,223.6,0.8518
v_on,25,298.2,0.9278
v_on,25,372.7,1.0030
v_on,25,447.3,1.0776
v_on,25,521.8,1.1516
v_on,25,596.4,1.2248
v_on,25,670.9,1.2974
v_on,25,745.5,1.3694
v_on,25,820.0,1.4407
v_on,150,0.0,0.5500
v_on,150,75.0,0.6510
v_on,150,150.0,0.7514
v_on,150,225.0,0.8512
v_on,150,300.0,0.9505
v_on,150,375.0,1.0492
v_on,150,450.0,1.1474
v_on,150,525.0,1.2450
v_on,150,600.0,1.3420
v_on,150,675.0,1.4385
v_on,150,750.0,1.5344
v_on,150,825.0,1.6297
v_on,150,900.0,1.7245
v_rev,25,0.0,0.7800
v_rev,25,74.5,0.8507
v_rev,25,149.1,0.9210
v_rev,25,223.6,0.9910
v_rev,25,298.2,1.0606
v_rev,25,372.7,1.1299
v_rev,25,447.3,1.1989
v_rev,25,521.8,1.2676
v_rev,25,596.4,1.3359
v_rev,25,670.9,1.4039
v_rev,25,745.5,1.4715
v_rev,25,820.0,1.5388
v_rev,150,0.0,0.6600
v_rev,150,75.0,0.7423
v_rev,150,150.0,0.8243
v_rev,150,225.0,0.9060
v_rev,150,300.0,0.9873
v_rev,150,375.0,1.0683
v_rev,150,450.0,1.1489
v_rev,150,525.0,1.2292
v_rev,150,600.0,1.3092
v_rev,150,675.0,1.3888
v_rev,150,750.0,1.4681
v_rev,150,825.0,1.5471
v_rev,150,900.0,1.6257
e_off,25,20.0,0.5614
e_off,25,92.7,2.6265
e_off,25,165.5,4.7285
e_off,25,238.2,6.8676
e_off,25,310.9,9.0438
e_off,25,383.6,11.2569
e_off,25,456.4,13.5071
e_off,25,529.1,15.7943
e_off,25,601.8,18.1186
e_off,25,674.5,20.4798
e_off,25,747.3,22.8781
e_off,25,820.0,25.3134
e_off,150,20.0,0.7860
e_off,150,93.3,3.7014
e_off,150,166.7,6.6694
e_off,150,240.0,9.6902
e_off,150,313.3,12.7637
e_off,150,386.7,15.8899
e_off,150,460.0,19.0688
e_off,150,533.3,22.3004
e_off,150,606.7,25.5848
e_off,150,680.0,28.9218
e_off,150,753.3,32.3115
e_off,150,826.7,35.7539
e_off,150,900.0,39.2490
e_rr,25,20.0,4.3180
e_rr,25,92.7,5.4406
e_rr,25,165.5,6.5104
e_rr,25,238.2,7.5273
e_rr,25,310.9,8.4912
e_rr,25,383.6,9.4023
e_rr,25,456.4,10.2605
e_rr,25,529.1,11.0658
e_rr,25,601.8,11.8182
e_rr,25,674.5,12.5177
e_rr,25,747.3,13.1643
e_rr,25,820.0,13.7580
e_rr,150,20.0,7.8264
e_rr,150,93.3,9.8777
e_rr,150,166.7,11.8316
e_rr,150,240.0,13.6880
e_rr,150,313.3,15.4469
e_rr,150,386.7,17.1084
e_rr,150,460.0,18.6724
e_rr,150,533.3,20.1389
e_rr,150,606.7,21.5079
e_rr,150,680.0,22.7795
e_rr,150,753.3,23.9536
e_rr,150,826.7,25.0302
e_rr,150,900.0,26.0094
